Proposal: Proposal Name,Contract Number,Status,Account Name,Account Owner,Centre
NCR/AC/02772/1,2228,Activated,Cuddalore Bioenergy Private Limited,Dhruv Agarwal,CoWrks Aerocity
NCR/AC/02483/1,2053,Activated,Marks Emballage Private Limited,Khushboo Parakh,CoWrks Aerocity
NCR/AC/02770/1,2227,Activated,Cuddalore Bioenergy Private Limited,Dhruv Agarwal,CoWrks Aerocity
NCR/AC/02728/2,2260,Activated,EKANEK NETWORKS PRIVATE LIMITED,Khushboo Parakh,CoWrks Aerocity
NCR/AC/02863/1,2336,Activated,BTG Legal Services,Arjun Gulati,CoWrks Aerocity
NCR/AC/03146/1,2492,Activated,ETRUE VALUE.COM,Rumpa Das,CoWrks Aerocity
NCR/AC/03045/1,2436,Activated,Vaibhav Sharma,Dhruv Agarwal,CoWrks Aerocity
NCR/AC/03092/1,2459,Activated,Airlogic Aviation Solutions Pvt Ltd,Arjun Gulati,CoWrks Aerocity
NCR/PT/01433/1,1098,Activated,Addedsport India Pvt. Ltd.,Dhruv Agarwal,CoWrks Golf Course Road
NCR/PT/02086/4,1738,Month on Month,YMetis India Private Limited,Dhruv Agarwal,CoWrks Golf Course Road
NCR/PT/02248/1,1854,Activated,ARCTERN HEALTHCARE PRIVATE LIMITED,Dhruv Agarwal,CoWrks Golf Course Road
NCR/PT/02567/1,2120,Month on Month,Blue Whale Advisory Services Pvt. Ltd.,Arjun Gulati,CoWrks Golf Course Road
NCR/PT/02223/1,1838,Activated,Leverton Software India Private Limited,Khushboo Parakh,CoWrks Golf Course Road
NCR/PT/02255/1,1859,Activated,Carlsberg India Pvt. Ltd.,Khushboo Parakh,CoWrks Golf Course Road
NCR/PT/02763/1,2221,Activated,Nikhil Jain,Khushboo Parakh,CoWrks Golf Course Road
NCR/PT/02717/1,2188,Activated,Tradewind International Servicing,Khushboo Parakh,CoWrks Golf Course Road
NCR/PT/02757/1,2211,Activated,U DIGITAL CONTENT PRIVATE LIMITED,Khushboo Parakh,CoWrks Golf Course Road
NCR/PT/02759/1,2212,Activated,OFFBEET ADVISORY LLP,Khushboo Parakh,CoWrks Golf Course Road
NCR/PT/02765/1,2229,Activated,Nikhil Jain,Khushboo Parakh,CoWrks Golf Course Road
NCR/PT/02776/1,2230,Activated,Charu Chhabra,Arjun Gulati,CoWrks Golf Course Road
NCR/PT/02236/1,1846,Activated,SKP Business Consulting LLP,Dhruv Agarwal,CoWrks Golf Course Road
NCR/PT/02778/1,2237,Month on Month,Great Lakes Institute of Management,Arjun Gulati,CoWrks Golf Course Road
NCR/PT/02787/1,2238,Activated,Accord Group India Private Limited,Khushboo Parakh,CoWrks Golf Course Road
NCR/PT/02562/1,2104,Activated,80 dB Communications Private Limited,Dhruv Agarwal,CoWrks Golf Course Road
NCR/PT/02359/1,1960,Month on Month,Shearwater Ventures Private Limited,Dhruv Agarwal,CoWrks Golf Course Road
NCR/PT/02559/1,2102,Activated,Naina Doddamani(Vanity Wagon),Khushboo Parakh,CoWrks Golf Course Road
NCR/PT/02212/1,1820,Activated,Escape Velocity Digital Pvt Ltd,Dhruv Agarwal,CoWrks Golf Course Road
NCR/PT/02261/2,1966,Formal Notice Given,APPSTER LLP,Arjun Gulati,CoWrks Golf Course Road
NCR/PT/02646/1,2148,Activated,NANARC TECHNOLOGIES PRIVATE LIMITED,Dhruv Agarwal,CoWrks Golf Course Road
NCR/PT/02272/1,1901,Activated,Great Lakes Institute of Management,Arjun Gulati,CoWrks Golf Course Road
NCR/PT/02622/1,2146,Activated,Accord Group India Private Limited,Khushboo Parakh,CoWrks Golf Course Road
NCR/PT/02327/1,1922,Activated,Akana Technologies Pvt. Ltd.,Arjun Gulati,CoWrks Golf Course Road
NCR/PT/02327/1,2062,Activated,Akana Technologies Pvt. Ltd.,Arjun Gulati,CoWrks Golf Course Road
NCR/PT/02593/1,2127,Activated,N Omkar Varma,Khushboo Parakh,CoWrks Golf Course Road
NCR/PT/02551/1,2103,Activated,Maxim Label & Packaging (India) Private Limited,Dhruv Agarwal,CoWrks Golf Course Road
NCR/PT/02565/1,2208,Activated,Incture Technologies,Dhruv Agarwal,CoWrks Golf Course Road
NCR/PT/02214/1,1831,Activated,Manish Verma,Khushboo Parakh,CoWrks Golf Course Road
NCR/PT/02356/1,1929,Activated,NANARC TECHNOLOGIES PRIVATE LIMITED,Dhruv Agarwal,CoWrks Golf Course Road
NCR/PT/02269/1,1871,Activated,Siya Seth,Dhruv Agarwal,CoWrks Golf Course Road
NCR/PT/03141/3,2491,Month on Month,Moksh Eshpuniyani(Delna Foods),Khushboo Parakh,CoWrks Golf Course Road
NCR/PT/02811/1,2265,Activated,Accord Group India Private Limited,Khushboo Parakh,CoWrks Golf Course Road
NCR/PT/03133/2,2500,Month on Month,Razorpay Software  Private Limited,Arjun Sharma,CoWrks Golf Course Road
NCR/PT/02513/2,2413,Activated,K4 Bangalore Angel Network Pvt. Ltd.,Rumpa Das,CoWrks Golf Course Road
NCR/PT/02809/1,2266,Month on Month,80 dB Communications Private Limited,Dhruv Agarwal,CoWrks Golf Course Road
NCR/PT/02776/1,2440,Activated,Charu Chhabra,Arjun Gulati,CoWrks Golf Course Road
NCR/PT/01464/1,2439,Activated,Unbound,Dhruv Agarwal,CoWrks Golf Course Road
NCR/PT/03048/1,2437,Activated,80 dB Communications Private Limited,Dhruv Agarwal,CoWrks Golf Course Road
NCR/PT/02878/1,2344,Activated,Alight HR Services India Private Limited,Arjun Gulati,CoWrks Golf Course Road
NCR/PT/02814/1,2268,Month on Month,Akana Technologies Pvt. Ltd.,Arjun Gulati,CoWrks Golf Course Road
NCR/PT/02674/2,2339,Activated,Neuriot Technologies LLP,Dhruv Agarwal,CoWrks Golf Course Road
NCR/PT/02913/1,2367,Activated,NANARC TECHNOLOGIES PRIVATE LIMITED,Dhruv Agarwal,CoWrks Golf Course Road
NCR/PT/02958/1,2401,Activated,Blue Whale Advisory Services Pvt. Ltd.,Arjun Gulati,CoWrks Golf Course Road
NCR/PT/02968/1,2402,Activated,DUNNHUMBY IT SERVICES INDIA PRIVATE LIMITED,Arjun Gulati,CoWrks Golf Course Road
NCR/PT/03007/1,2414,Month on Month,TIA Consulting LLP,Arjun Gulati,CoWrks Golf Course Road
NCR/PT/02073/1,1709,Activated,Naresh Jain,Dhruv Agarwal,CoWrks Golf Course Road
NCR/PT/01939/1,1577,Activated,Floraison India Strategic Consulting Pvt Ltd,Dhruv Agarwal,CoWrks Golf Course Road
NCR/PT/01904/2,1565,Activated,Addedsport India Pvt. Ltd.,Dhruv Agarwal,CoWrks Golf Course Road
NCR/PT/01903/1,1539,Activated,RevX Technology Private Limited,Dhruv Agarwal,CoWrks Golf Course Road
NCR/PT/01977/1,1614,Activated,Exicon Holding Private Limited,Khushboo Parakh,CoWrks Golf Course Road
NCR/PT/02005/1,1635,Activated,Neara Madhya Energy Private Limited,Dhruv Agarwal,CoWrks Golf Course Road
NCR/PT/02052/1,1685,Activated,TIA Consulting LLP,Arjun Gulati,CoWrks Golf Course Road
NCR/PT/02057/1,1701,Activated,Alight HR Services India Private Limited,Arjun Gulati,CoWrks Golf Course Road
NCR/PT/02012/1,1650,Formal Notice Given,Ravi Shrivastava,Khushboo Parakh,CoWrks Golf Course Road
NCR/PT/01880/1,1522,Activated,80 dB Communications Private Limited,Dhruv Agarwal,CoWrks Golf Course Road
NCR/PT/01905/1,1552,Activated,Big Spring Services Private Limited.,Raghu Ram,CoWrks Golf Course Road
NCR/PT/02059/1,1689,Activated,Rajesh Bhatia,Dhruv Agarwal,CoWrks Golf Course Road
NCR/PT/02111/1,1744,Activated,ARCTERN HEALTHCARE PRIVATE LIMITED,Dhruv Agarwal,CoWrks Golf Course Road
NCR/PT/02072/1,1708,Formal Notice Given,Naresh Jain,Dhruv Agarwal,CoWrks Golf Course Road
NCR/PT/01872/1,1513,Activated,Spica Zavas Private Limited,Dhruv Agarwal,CoWrks Golf Course Road
NCR/PT/01976/1,1604,Activated,Naina Doddamani(Vanity Wagon),Khushboo Parakh,CoWrks Golf Course Road
NCR/PT/01896/1,1572,Activated,Shearwater Ventures Private Limited,Dhruv Agarwal,CoWrks Golf Course Road
NCR/PT/02071/1,1703,Activated,Neuriot Technologies LLP,Dhruv Agarwal,CoWrks Golf Course Road
NCR/PT/01586/1,1239,Activated,ARCTERN HEALTHCARE PRIVATE LIMITED,Dhruv Agarwal,CoWrks Golf Course Road
NCR/PT/01501/1,1148,Formal Notice Given,Rashmi,Dhruv Agarwal,CoWrks Golf Course Road
NCR/PT/01676/1,1348,Month on Month,K2B Learning Private Limited,Khushboo Parakh,CoWrks Golf Course Road
NCR/PT/01659/3,1377,Activated,Razorpay Software  Private Limited,Arjun Sharma,CoWrks Golf Course Road
NCR/PT/01761/1,1396,Activated,Western Vindhya,Khushboo Parakh,CoWrks Golf Course Road
NCR/PT/01832/1,1481,Activated,AgriChain Private Limited,Dhruv Agarwal,CoWrks Golf Course Road
NCR/PT/01788/1,1423,Activated,DUNNHUMBY IT SERVICES INDIA PRIVATE LIMITED,Arjun Gulati,CoWrks Golf Course Road
NCR/PT/01574/2,1254,Activated,Neha Rakheja,Dhruv Agarwal,CoWrks Golf Course Road
NCR/PT/01597/1,1289,Activated,YMetis India Private Limited,Dhruv Agarwal,CoWrks Golf Course Road
NCR/PT/01787/1,1417,Activated,DUNNHUMBY IT SERVICES INDIA PRIVATE LIMITED,Arjun Gulati,CoWrks Golf Course Road
NCR/PT/01779/1,1408,Month on Month,Adways Innovations India Private Limited,Khushboo Parakh,CoWrks Golf Course Road
NCR/PT/01744/1,1379,Activated,Moksh Eshpuniyani(Delna Foods),Khushboo Parakh,CoWrks Golf Course Road
NCR/PT/01524/1,1421,Month on Month,EJ INITIATIVE LLP,Dhruv Agarwal,CoWrks Golf Course Road
NCR/PT/01769/1,1398,Activated,SAM Technologies,Khushboo Parakh,CoWrks Golf Course Road
NCR/PT/01601/1,1265,Activated,Anurag Baveja,Dhruv Agarwal,CoWrks Golf Course Road
NCR/PT/01738/1,1369,Month on Month,YMetis India Private Limited,Dhruv Agarwal,CoWrks Golf Course Road
NCR/PT/01333/2,1194,Activated,Razorpay Software  Private Limited,Arjun Sharma,CoWrks Golf Course Road
NCR/PT/01638/1,1294,Activated,MissMalini Entertainment Pvt Ltd,Dhruv Agarwal,CoWrks Golf Course Road
NCR/PT/01722/1,1393,Activated,Flemingo Travel Retail (P) Limited.,Khushboo Parakh,CoWrks Golf Course Road
BLR/KO/02427/1,2002,Activated,HUSYS CONSULTING PRIVATE LIMITED,Smriti Gautam,CoWrks Koramangala
BLR/KO/02792/1,2242,Activated,Dunya Labs India Pvt Ltd,Jithin Raj,CoWrks Koramangala
BLR/KO/02630/1,2142,Activated,Tenso,Rumpa Das,CoWrks Koramangala
BLR/KO/02238/1,2135,Activated,Netdox Health Private Limited,Raghu Ram,CoWrks Koramangala
BLR/KO/02231/2,2057,Activated,Instartlogic India Private Limited,Rumpa Das,CoWrks Koramangala
BLR/KO/02591/1,2134,Activated,Netdox Health Private Limited,Raghu Ram,CoWrks Koramangala
BLR/KO/02398/1,1983,Activated,Legion Realty Services,Rumpa Das,CoWrks Koramangala
BLR/KO/02791/1,2244,Activated,Dunya Labs India Pvt Ltd,Jithin Raj,CoWrks Koramangala
BLR/KO/02209/1,2000,Activated,HUSYS CONSULTING PRIVATE LIMITED,Smriti Gautam,CoWrks Koramangala
BLR/KO/02820/1,2313,Activated,Rohit Singal,Antoinette Monisha,CoWrks Koramangala
BLR/KO/02902/1,2397,Activated,BUNDL TECHNOLOGIES PRIVATE LIMITED,Smriti Gautam,CoWrks Koramangala
BLR/KO/02841/1,2355,Activated,SWYM TECHNOLOGIES PRIVATE LIMITED,Jithin Raj,CoWrks Koramangala
BLR/KO/02834/1,2335,Activated,Rohit Singal,Antoinette Monisha,CoWrks Koramangala
BLR/KO/02900/1,2412,Activated,Barton Trust,Jithin Raj,CoWrks Koramangala
BLR/KO/02736/1,2267,Activated,Nishith Jayaraj Shah,Jithin Raj,CoWrks Koramangala
BLR/KO/02849/1,2331,Formal Notice Given,Sa-Sai Retail India Pvt Ltd,Jithin Raj,CoWrks Koramangala
BLR/KO/02437/2,2306,Activated,WarpDrive Tech Works LLP,Smriti Gautam,CoWrks Koramangala
BLR/KO/02934/1,2381,Formal Notice Given,Venture Classic,Jithin Raj,CoWrks Koramangala
BLR/MN/01771/1,1401,Activated,Empagnie Education Private Limited,Rumpa Das,CoWrks Millenia
BLR/MN/01500/1,1397,Formal Notice Given,Big Spring Services Private Limited.,Raghu Ram,CoWrks Millenia
BLR/MN/01521/1,1211,Activated,Aeon Consultants,Raghu Ram,CoWrks Millenia
BLR/IN/00560/1,538,Activated,GOOVERTURE ENTERTAINMENT PVT LTD,Smriti Gautam,CoWrks New Indiranagar
BLR/IN/00412/1,398,Month on Month,Rahul Nene,Auguste Pocuinaite,CoWrks New Indiranagar
BLR/IN/00559/1,532,Activated,Stylumia Intelligence Technology Pvt Ltd,Imaad Ahmed,CoWrks New Indiranagar
BLR/IN/01004/2,873,Month on Month,Pluralsight India Pvt Ltd,Smriti Gautam,CoWrks New Indiranagar
BLR/IN/00456/1,468,Activated,Stylumia Intelligence Technology Pvt Ltd,Imaad Ahmed,CoWrks New Indiranagar
BLR/IN/00506/1,488,Activated,Stylumia Intelligence Technology Pvt Ltd,Imaad Ahmed,CoWrks New Indiranagar
BLR/IN/00401/1,395,Activated,Stylumia Intelligence Technology Pvt Ltd,Imaad Ahmed,CoWrks New Indiranagar
BLR/IN/00287/2,301,Activated,Stylumia Intelligence Technology Pvt Ltd,Imaad Ahmed,CoWrks New Indiranagar
BLR/IN/00323/1,327,Formal Notice Given,PRITBOR,Imaad Ahmed,CoWrks New Indiranagar
BLR/IN/01013/1,874,Month on Month,Pluralsight India Pvt Ltd,Smriti Gautam,CoWrks New Indiranagar
BLR/IN/02112/1,1741,Activated,Aicumen Innovations Private Limited,Khursheed Alem Khan,CoWrks New Indiranagar
BLR/IN/01025/1,879,Activated,Pluralsight India Pvt Ltd,Smriti Gautam,CoWrks New Indiranagar
BLR/IN/02108/1,1742,Activated,Doreming,Rumpa Das,CoWrks New Indiranagar
BLR/IN/02188/1,1826,Activated,Xia Market Advisory Services Pvt Ltd.,Auguste Pocuinaite,CoWrks New Indiranagar
BLR/IN/02579/1,2195,Activated,TransFunnel,Khursheed Alem Khan,CoWrks New Indiranagar
BLR/IN/02741/1,2201,Activated,CaliperBusiness,Khursheed Alem Khan,CoWrks New Indiranagar
BLR/IN/02058/1,1887,Activated,NGGAWE NIRMAN TECHNOLOGIES PRIVATE LIMITED,Jithin Raj,CoWrks New Indiranagar
BLR/IN/02220/1,1914,Activated,Decathlon Sports India Pvt Ltd,Raghu Ram,CoWrks New Indiranagar
BLR/IN/02488/1,2119,Activated,NGGAWE NIRMAN TECHNOLOGIES PRIVATE LIMITED,Jithin Raj,CoWrks New Indiranagar
BLR/IN/02746/1,2214,Activated,NGGAWE NIRMAN TECHNOLOGIES PRIVATE LIMITED,Jithin Raj,CoWrks New Indiranagar
BLR/IN/02588/1,2152,Activated,CaliperBusiness,Khursheed Alem Khan,CoWrks New Indiranagar
BLR/IN/02781/1,2235,Activated,UANDH Private Limited,Raghu Ram,CoWrks New Indiranagar
BLR/IN/02219/1,1827,Activated,NXT Trade & Agency Services India Pvt Ltd,Khursheed Alem Khan,CoWrks New Indiranagar
BLR/IN/02426/1,2001,Activated,Feministaa,Rumpa Das,CoWrks New Indiranagar
BLR/IN/02716/1,2187,Activated,CaliperBusiness,Khursheed Alem Khan,CoWrks New Indiranagar
BLR/IN/02516/1,2065,Activated,UANDH Private Limited,Raghu Ram,CoWrks New Indiranagar
BLR/IN/02187/1,1801,Activated,Tactai Software India Private Limited,Smriti Gautam,CoWrks New Indiranagar
BLR/IN/02785/1,2239,Activated,Xia Market Advisory Services Pvt Ltd.,Auguste Pocuinaite,CoWrks New Indiranagar
BLR/IN/02780/2,2240,Activated,Freshworks Technologies Private Limited,Jithin Raj,CoWrks New Indiranagar
BLR/IN/02202/1,1815,Activated,NGGAWE NIRMAN TECHNOLOGIES PRIVATE LIMITED,Jithin Raj,CoWrks New Indiranagar
BLR/IN/02522/2,2112,Activated,Akshatha Satyanarayanan,Jithin Raj,CoWrks New Indiranagar
BLR/IN/02595/1,2129,Month on Month,Infoeaze Digital Services Pvt. Ltd.,Antoinette Monisha,CoWrks New Indiranagar
BLR/IN/02581/1,2162,Activated,Deep Value Technology Private Limited,Jithin Raj,CoWrks New Indiranagar
BLR/IN/02140/1,1903,Activated,ENORMOUS IT SERVICES PVT LTD,Smriti Gautam,CoWrks New Indiranagar
BLR/IN/02496/1,2126,Activated,Singularity Furniture Private Limited,Khursheed Alem Khan,CoWrks New Indiranagar
BLR/IN/02222/1,1829,Activated,"Branch Metrics, Inc.",Smriti Gautam,CoWrks New Indiranagar
BLR/IN/02745/1,2245,Activated,NGGAWE NIRMAN TECHNOLOGIES PRIVATE LIMITED,Jithin Raj,CoWrks New Indiranagar
BLR/IN/02653/1,2246,Activated,Alibaba.com E-Commerce India Pvt Ltd,Khursheed Alem Khan,CoWrks New Indiranagar
BLR/IN/02898/1,2359,Activated,Lux Ét Umbra,Auguste Pocuinaite,CoWrks New Indiranagar
BLR/IN/03091/1,2458,Activated,Yellow Lion Group,Imaad Ahmed,CoWrks New Indiranagar
BLR/IN/02744/1,2304,Activated,NGGAWE NIRMAN TECHNOLOGIES PRIVATE LIMITED,Jithin Raj,CoWrks New Indiranagar
BLR/IN/01314/1,1091,Month on Month,Shoffr Pte. Ltd.,Smriti Gautam,CoWrks New Indiranagar
BLR/IN/01364/1,1097,Month on Month,Zimperium Inc,Raghu Ram,CoWrks New Indiranagar
BLR/IN/00386/1,386,Month on Month,Groomedin Solutions Pvt Ltd,Auguste Pocuinaite,CoWrks New Indiranagar
BLR/IN/01427/1,1085,Month on Month,Epoch Brand Services India Pvt Ltd.,Raghu Ram,CoWrks New Indiranagar
BLR/IN/01503/1,1144,Month on Month,Pencilbox,Rumpa Das,CoWrks New Indiranagar
BLR/IN/01993/2,1643,Activated,Tactai Software India Private Limited,Smriti Gautam,CoWrks New Indiranagar
BLR/IN/01446/1,1114,Activated,Decathlon Sports India Pvt Ltd,Raghu Ram,CoWrks New Indiranagar
BLR/IN/02173/1,1788,Activated,KOTTARAM AGRO FOODS PVT LTD,Sidharth Menda,CoWrks New Indiranagar
BLR/IN/01690/2,1349,Activated,KOTTARAM AGRO FOODS PVT LTD,Sidharth Menda,CoWrks New Indiranagar
BLR/IN/01773/1,1472,Month on Month,Idealyze Partners LLP,Rumpa Das,CoWrks New Indiranagar
BLR/IN/00304/2,1367,Activated,SYNOPSYS (INDIA) PRIVATE LIMITED,Imaad Ahmed,CoWrks New Indiranagar
BLR/IN/01470/1,1271,Activated,Aicumen Innovations Private Limited,Khursheed Alem Khan,CoWrks New Indiranagar
BLR/IN/01531/2,1248,Month on Month,Intec Capital Limited,Smriti Gautam,CoWrks New Indiranagar
BLR/IN/01535/1,1179,Month on Month,Twistedpair Technologies Pvt. Ltd,Khursheed Alem Khan,CoWrks New Indiranagar
BLR/IN/00973/1,859,Month on Month,VITALPOINTZ NETWORKS INDIA PRIVATE LIMITED,Auguste Pocuinaite,CoWrks New Indiranagar
BLR/IN/00930/1,843,Month on Month,GT Informatics,Auguste Pocuinaite,CoWrks New Indiranagar
BLR/IN/00837/1,801,Activated,Harish Naik,Khursheed Alem Khan,CoWrks New Indiranagar
BLR/IN/00889/1,831,Activated,Way2Online Interactive India Pvt Ltd,Raghu Ram,CoWrks New Indiranagar
BLR/IN/00954/1,851,Activated,Start Rn D,Raghu Ram,CoWrks New Indiranagar
BLR/IN/00515/4,822,Month on Month,LM Wind Power Technologies India Pvt Ltd,Imaad Ahmed,CoWrks New Indiranagar
BLR/IN/00859/2,800,Activated,Aicumen Innovations Private Limited,Khursheed Alem Khan,CoWrks New Indiranagar
BLR/IN/00869/1,807,Month on Month,Reed Exhibitions,Manish Narendra,CoWrks New Indiranagar
BLR/IN/01115/1,996,Activated,ADFG TECH INDIA PRIVATE LIMITED,Smriti Gautam,CoWrks New Indiranagar
BLR/IN/01041/1,894,Month on Month,Lobo Capital,Auguste Pocuinaite,CoWrks New Indiranagar
BLR/IN/00121/3,900,Activated,Zapyle,Sidharth Menda,CoWrks New Indiranagar
BLR/IN/01295/2,1010,Activated,Zapyle,Sidharth Menda,CoWrks New Indiranagar
BLR/IN/01135/1,911,Formal Notice Given,Digital Reach Pvt Ltd,Raghu Ram,CoWrks New Indiranagar
BLR/IN/00824/1,784,Month on Month,Autovert Technologies Private Limited,Raghu Ram,CoWrks New Indiranagar
BLR/IN/01233/2,966,Activated,Decathlon Sports India Pvt Ltd,Raghu Ram,CoWrks New Indiranagar
BLR/IN/00768/1,726,Formal Notice Given,Logesys Solutions India Pvt. Ltd,Smriti Gautam,CoWrks New Indiranagar
BLR/IN/01250/1,1016,Month on Month,Growth Hackers,Jithin Raj,CoWrks New Indiranagar
BLR/IN/01121/1,1068,Activated,Sandvik Asia Pvt. Ltd.,Rumpa Das,CoWrks New Indiranagar
BLR/IN/01189/1,945,Activated,Wemax Advisors LLP,Khursheed Alem Khan,CoWrks New Indiranagar
BLR/IN/01154/1,941,Activated,ADFG TECH INDIA PRIVATE LIMITED,Smriti Gautam,CoWrks New Indiranagar
BLR/IN/00173/3,217,Month on Month,Stylumia Intelligence Technology Pvt Ltd,Imaad Ahmed,CoWrks New Indiranagar
BLR/IN/02060/1,1792,Activated,Freshworks Technologies Private Limited,Jithin Raj,CoWrks New Indiranagar
CHN/MN/01168/4,1740,Activated,Shell India Markets Pvt Ltd,Antoinette Monisha,CoWrks OMR
CHN/MN/02430/1,2073,Activated,Salvagnini Group,Antoinette Monisha,CoWrks OMR
CHN/MN/02786/1,2236,Activated,Aditya Vani Info Systems Private Limited,Rumpa Das,CoWrks OMR
CHN/MN/02335/1,2075,Activated,Lumera Software Solutions Private Limited,Antoinette Monisha,CoWrks OMR
CHN/MN/02783/1,2234,Activated,Rayles And Roobie Technologies Private Limited,Antoinette Monisha,CoWrks OMR
CHN/MN/02649/1,2151,Activated,Obotap ESolutions Private Limited,Antoinette Monisha,CoWrks OMR
CHN/MN/02252/1,1880,Activated,Leap  Mantra,Antoinette Monisha,CoWrks OMR
CHN/MN/02364/4,1933,Activated,IBITS TECHNOLOGY SOLUTIONS,Antoinette Monisha,CoWrks OMR
CHN/MN/02131/1,1876,Activated,Aditya Vani Info Systems Private Limited,Rumpa Das,CoWrks OMR
CHN/MN/02860/1,2330,Activated,Shell India Markets Pvt Ltd,Antoinette Monisha,CoWrks OMR
CHN/MN/02747/2,2403,Activated,Shell India Markets Pvt Ltd,Antoinette Monisha,CoWrks OMR
CHN/MN/02899/2,2361,Activated,Shell India Markets Pvt Ltd,Antoinette Monisha,CoWrks OMR
CHN/MN/02833/1,2278,Activated,Tritrix,Antoinette Monisha,CoWrks OMR
CHN/MN/03128/1,2479,Activated,Leap  Mantra,Antoinette Monisha,CoWrks OMR
CHN/MN/02750/1,2314,Activated,Obotap ESolutions Private Limited,Antoinette Monisha,CoWrks OMR
CHN/MN/03062/1,2487,Activated,LegalEase Solutions India Pvt Ltd,Antoinette Monisha,CoWrks OMR
CHN/MN/01860/1,1583,Activated,Augustus Athigaman,Jithin Raj,CoWrks OMR
CHN/MN/01915/1,1562,Activated,Product Hunt,Antoinette Monisha,CoWrks OMR
CHN/MN/01642/2,1299,Activated,Daily Ninja Delivery Services Pvt Ltd,Smriti Gautam,CoWrks OMR
CHN/MN/01577/1,1383,Activated,Conduent Business Services India LLP,Jithin Raj,CoWrks OMR
CHN/MN/01789/1,1467,Activated,Koshavrudhi,Jithin Raj,CoWrks OMR
CHN/MN/01651/1,1319,Activated,Rayles And Roobie Technologies Private Limited,Antoinette Monisha,CoWrks OMR
CHN/MN/01548/1,1236,Activated,National Fire Protection & Hazard Control,Antoinette Monisha,CoWrks OMR
CHN/MN/01113/1,1295,Activated,Conde Nast India Private Limited,Jithin Raj,CoWrks OMR
CHN/MN/01495/2,1416,Activated,Chargebee Technologies Pvt Ltd,Antoinette Monisha,CoWrks OMR
CHN/MN/01636/1,1293,Activated,Virtual Tech Gurus India Pvt Ltd,Jithin Raj,CoWrks OMR
CHN/MN/01394/1,1074,Activated,Virtual Tech Gurus India Pvt Ltd,Jithin Raj,CoWrks OMR
CHN/MN/01020/1,967,Activated,CiberSites India Pvt. Ltd.,Deepika Bisht,CoWrks OMR
MUM/BC/01821/5,2013,Activated,Sanctum Wealth Management Private Limited,Sneha Khemani,CoWrks Worli
MUM/BC/01457/6,2101,Activated,ZTE Telecom India Pvt Ltd,Maaz Shaikh,CoWrks Worli
MUM/BC/01933/5,2173,Activated,Kkings Events,Sneha Khemani,CoWrks Worli
MUM/BC/02317/1,1907,Activated,Alteria Capital,Maaz Shaikh,CoWrks Worli
MUM/BC/02464/1,2056,Activated,Sky Realty,Sneha Khemani,CoWrks Worli
MUM/BC/02254/1,1873,Activated,Prinseps Auctions (P) Ltd,Sneha Khemani,CoWrks Worli
MUM/BC/02707/1,2198,Activated,Leverage Edu,Sneha Khemani,CoWrks Worli
MUM/BC/02169/1,1805,Activated,Jain Investment Planner Pvt. Ltd.,Sneha Khemani,CoWrks Worli
MUM/BC/02493/1,2226,Activated,Optiva India Technologies Private Limited,Maaz Shaikh,CoWrks Worli
MUM/BC/02285/1,1890,Activated,Constellation Retail Pvt Ltd,Maaz Shaikh,CoWrks Worli
MUM/BC/01925/2,1848,Activated,The Swaddle,Sneha Khemani,CoWrks Worli
MUM/BC/02306/1,1900,Activated,Dojo Marketing Communications LLP,Maaz Shaikh,CoWrks Worli
MUM/BC/02384/1,1944,Activated,Anand Rathi,Sneha Khemani,CoWrks Worli
MUM/BC/02494/1,2055,Activated,Prinseps Auctions (P) Ltd,Sneha Khemani,CoWrks Worli
MUM/BC/02190/1,1845,Activated,Nokia,Sneha Khemani,CoWrks Worli
MUM/BC/02230/1,2186,Activated,Vikram Bhatt Consultants,Sneha Khemani,CoWrks Worli
MUM/BC/02448/1,2011,Activated,Prinseps Auctions (P) Ltd,Sneha Khemani,CoWrks Worli
MUM/BC/02061/3,1849,Activated,Razorpay Software  Private Limited,Arjun Sharma,CoWrks Worli
MUM/BC/02433/1,2012,Formal Notice Given,AMP Fashion Pvt. Ltd.,Sneha Khemani,CoWrks Worli
MUM/BC/02473/1,2049,Activated,Keki Bapuna,Sneha Khemani,CoWrks Worli
MUM/BC/02826/1,2453,Activated,Prinseps Auctions (P) Ltd,Sneha Khemani,CoWrks Worli
MUM/BC/02985/1,2467,Activated,Sanctum Wealth Management Private Limited,Sneha Khemani,CoWrks Worli
MUM/BC/02928/1,2379,Activated,Veneklasen Associates,Sneha Khemani,CoWrks Worli
MUM/BC/02548/4,2264,Activated,Ciena Communications India Pvt Ltd,Maaz Shaikh,CoWrks Worli
MUM/BC/02966/1,2398,Activated,Aria CFO Services LLP,Maaz Shaikh,CoWrks Worli
MUM/BC/02901/1,2455,Activated,The First Estate,Sneha Khemani,CoWrks Worli
MUM/BC/02906/1,2380,Activated,Indeed Communications Pvt Ltd.,Sneha Khemani,CoWrks Worli
MUM/BC/02569/1,2362,Activated,Saibal Das,Sneha Khemani,CoWrks Worli
MUM/BC/02869/1,2390,Activated,Karza Technologies,Sneha Khemani,CoWrks Worli
MUM/BC/02084/2,1726,Formal Notice Given,R R N Badhree,Maaz Shaikh,CoWrks Worli
MUM/BC/02091/3,1752,Activated,Xponentia Capital Partners,Sneha Khemani,CoWrks Worli
MUM/BC/02063/1,1707,Activated,Nimisha Shah,Sneha Khemani,CoWrks Worli
MUM/BC/02141/2,1761,Activated,Prinseps Auctions (P) Ltd,Sneha Khemani,CoWrks Worli
MUM/BC/02148/2,1766,Activated,Prose Design House Pvt Ltd,Sneha Khemani,CoWrks Worli
MUM/BC/02103/1,1775,Activated,White Whale Partners,Sneha Khemani,CoWrks Worli
MUM/BC/02151/2,1769,Activated,Varde India Investment Adviser Private Limited,Sneha Khemani,CoWrks Worli
MUM/BC/01679/1,1728,Activated,Alteria Capital,Maaz Shaikh,CoWrks Worli
MUM/BC/01957/1,1589,Activated,Varde India Investment Adviser Private Limited,Sneha Khemani,CoWrks Worli
MUM/BC/02055/1,1693,Activated,Mountain Lion Partners,Maaz Shaikh,CoWrks Worli
MUM/BC/02116/1,1756,Activated,Deepak Sood,Sneha Khemani,CoWrks Worli
MUM/BC/02120/2,1745,Activated,Prinseps Auctions (P) Ltd,Sneha Khemani,CoWrks Worli
MUM/BC/02165/1,1774,Activated,Karza Technologies,Sneha Khemani,CoWrks Worli
MUM/BC/01936/1,1586,Activated,India SME Investments LLP,Sneha Khemani,CoWrks Worli
MUM/BC/02167/2,1777,Activated,Xponentia Capital Partners,Sneha Khemani,CoWrks Worli
MUM/BC/01448/4,1138,Activated,Aria CFO Services LLP,Maaz Shaikh,CoWrks Worli
MUM/BC/01496/1,1142,Activated,Ony by One Design Pvt Ltd,Maaz Shaikh,CoWrks Worli
MUM/BC/01606/1,1262,Activated,Gautam Shiknis,Maaz Shaikh,CoWrks Worli
MUM/BC/01739/1,1382,Formal Notice Given,SMAAASH Innovation Pvt Ltd,Sneha Khemani,CoWrks Worli
MUM/BC/01379/2,1240,Activated,Digisense CustomerIQ Pvt. Ltd.,Sneha Khemani,CoWrks Worli
MUM/BC/01732/1,1365,Activated,White Whale Partners,Sneha Khemani,CoWrks Worli
MUM/BC/01666/2,1321,Activated,JM Holdings,Sneha Khemani,CoWrks Worli
MUM/BC/01641/2,1381,Activated,Roundglass H2O Pvt. Ltd.,Maaz Shaikh,CoWrks Worli
MUM/BC/01300/1,1053,Activated,Karza Technologies,Sneha Khemani,CoWrks Worli
MUM/BC/01251/1,987,Activated,Shree Dalmia Enterprises,Rumpa Das,CoWrks Worli
NCR/GC/02529/1,2079,Activated,I Port Technologies Private Limited,Khushboo Parakh,Gurgaon Central
NCR/GC/02300/1,1894,Activated,Sumaaroh Productions Private Limited,Khushboo Parakh,Gurgaon Central
NCR/GC/02621/1,2145,Activated,DEININGER Management Consultants Private Limited,Khushboo Parakh,Gurgaon Central
NCR/GC/02457/1,2016,Activated,Singhi Advisors & Financial Services LLP,Dhruv Agarwal,Gurgaon Central
NCR/GC/02382/1,1963,Activated,Singhi Advisors & Financial Services LLP,Dhruv Agarwal,Gurgaon Central
NCR/GC/02456/1,2017,Activated,Feministaa,Rumpa Das,Gurgaon Central
NCR/GC/02432/1,2005,Activated,DEININGER Management Consultants Private Limited,Khushboo Parakh,Gurgaon Central
NCR/GC/02204/2,1870,Activated,ABBKUS (OPC) PRIVATE LIMITED,Khushboo Parakh,Gurgaon Central
NCR/GC/02371/1,2099,Activated,Ayana Renewable Power Pvt Ltd,Arjun Gulati,Gurgaon Central
NCR/GC/02205/1,1818,Activated,I Port Technologies Private Limited,Khushboo Parakh,Gurgaon Central
NCR/GC/02550/1,2090,Activated,Angad Talwar,Khushboo Parakh,Gurgaon Central
NCR/GC/02210/1,1842,Activated,Labib Mobinets Private Limited,Khushboo Parakh,Gurgaon Central
NCR/GC/02329/2,1920,Activated,I Port Technologies Private Limited,Khushboo Parakh,Gurgaon Central
NCR/GC/02413/1,2150,Activated,Luxeva India Private Limited,Dhruv Agarwal,Gurgaon Central
NCR/GC/02891/1,2347,Activated,Purple Sketch Digital,Dhruv Agarwal,Gurgaon Central
NCR/GC/02366/1,2449,Activated,Unbox Technologies Pvt Ltd,Raghu Ram,Gurgaon Central
NCR/GC/03018/1,2419,Activated,Vivek Kumar Singh(Wunder),Khushboo Parakh,Gurgaon Central
NCR/GC/03083/1,2454,Activated,Sparks & Gs Private Limited,Khushboo Parakh,Gurgaon Central
NCR/GC/02896/1,2354,Activated,Sileng Manufacturing India Pvt Ltd,Khushboo Parakh,Gurgaon Central
NCR/GC/02628/1,2508,Activated,R M Consultancy LLP,Arjun Gulati,Gurgaon Central
NCR/GC/02628/1,2258,Activated,R M Consultancy LLP,Arjun Gulati,Gurgaon Central
NCR/GC/02337/1,2421,Activated,Cvent India Private Limited,Dhruv Agarwal,Gurgaon Central
NCR/GC/03140/1,2490,Activated,Avidsecure India Private Limited,Dhruv Agarwal,Gurgaon Central
NCR/GC/03025/1,2423,Activated,Infinia Corporate Solutions Private Limited,Dhruv Agarwal,Gurgaon Central
NCR/GC/03059/2,2473,Activated,Cvent India Private Limited,Dhruv Agarwal,Gurgaon Central
NCR/GC/02917/1,2369,Activated,I Port Technologies Private Limited,Khushboo Parakh,Gurgaon Central
NCR/GC/03012/2,2441,Activated,I Port Technologies Private Limited,Khushboo Parakh,Gurgaon Central
NCR/GC/03021/1,2422,Activated,Simrat Kaur,Khushboo Parakh,Gurgaon Central
NCR/GC/02882/1,2346,Activated,Infinia Corporate Solutions Private Limited,Dhruv Agarwal,Gurgaon Central
BLR/RR/02868/4,2343,Activated,Fyle Technologies Private Limited,Jithin Raj,Residency Road
BLR/RR/02879/1,2356,Activated,SWYM TECHNOLOGIES PRIVATE LIMITED,Jithin Raj,Residency Road
BLR/RR/02676/1,2303,Activated,Fyle Technologies Private Limited,Jithin Raj,Residency Road
BLR/EW/00570/1,544,Month on Month,EFlair,Auguste Pocuinaite,RMZ EcoWorld
BLR/EW/00653/1,623,Month on Month,Sunil Gopinath,Smriti Gautam,RMZ EcoWorld
BLR/EW/00614/1,600,Month on Month,Shopinbox Inc.,Rumpa Das,RMZ EcoWorld
BLR/EW/00578/1,547,Month on Month,CaterNinja Internet Food LLP,Rumpa Das,RMZ EcoWorld
BLR/EW/00440/1,531,Activated,Lavelle Networks,Auguste Pocuinaite,RMZ EcoWorld
BLR/EW/00595/1,561,Month on Month,TEAPOD Consultancy Services LLP,Rumpa Das,RMZ EcoWorld
BLR/EW/00553/2,610,Month on Month,DIGITALDOT CONSULTANCY INDIA PVT. LTD.,Rumpa Das,RMZ EcoWorld
BLR/EW/00667/4,644,Month on Month,Kiwings Services Pvt Ltd,Khursheed Alem Khan,RMZ EcoWorld
BLR/EW/00434/4,425,Activated,GloZen Secure,Auguste Pocuinaite,RMZ EcoWorld
BLR/EW/00646/1,621,Activated,UG Consultancy Services LLP,Khursheed Alem Khan,RMZ EcoWorld
BLR/EW/00642/1,617,Month on Month,International Institute for Learning Private Limited,Khursheed Alem Khan,RMZ EcoWorld
BLR/EW/00582/1,551,Activated,Lavelle Networks,Auguste Pocuinaite,RMZ EcoWorld
BLR/EW/00467/1,460,Activated,TransFunnel,Khursheed Alem Khan,RMZ EcoWorld
BLR/EW/00544/1,526,Activated,JEBPO SERVICES LLP,Rumpa Das,RMZ EcoWorld
BLR/EW/00473/1,466,Activated,Softomotive,Rumpa Das,RMZ EcoWorld
BLR/EW/00516/1,499,Month on Month,CaterNinja Internet Food LLP,Rumpa Das,RMZ EcoWorld
BLR/EW/00484/1,476,Month on Month,Accolite Software,Rumpa Das,RMZ EcoWorld
BLR/EW/00449/1,449,Activated,Wissen,Rumpa Das,RMZ EcoWorld
BLR/EW/00465/1,473,Month on Month,Sigma Sustainability Institute Private Limited,Auguste Pocuinaite,RMZ EcoWorld
BLR/EW/00543/1,528,Activated,Parexel,Rumpa Das,RMZ EcoWorld
BLR/EW/00421/2,451,Month on Month,Green Business Certification Institute Pvt. Ltd.,Smriti Gautam,RMZ EcoWorld
BLR/EW/00443/1,437,Activated,QA InfoTech,Imaad Ahmed,RMZ EcoWorld
BLR/EW/00437/1,527,Activated,Mr. Raghunandan Gangappa,Rumpa Das,RMZ EcoWorld
BLR/EW/00476/1,469,Month on Month,Elcinco Inc,Khursheed Alem Khan,RMZ EcoWorld
BLR/EW/01344/2,1082,Activated,Kiran Kumar,Raghu Ram,RMZ EcoWorld
BLR/EW/00249/1,278,Month on Month,QA InfoTech,Imaad Ahmed,RMZ EcoWorld
BLR/EW/00844/3,877,Formal Notice Given,Prowareness software services,Smriti Gautam,RMZ EcoWorld
BLR/EW/00135/1,184,Month on Month,Bharat Kumar Mallineni,Smriti Gautam,RMZ EcoWorld
BLR/EW/00137/1,187,Activated,Bharat Kumar Mallineni,Smriti Gautam,RMZ EcoWorld
BLR/EW/00399/1,530,Activated,Elevar,Rumpa Das,RMZ EcoWorld
BLR/EW/02305/1,1899,Activated,Roli Saxena,Rumpa Das,RMZ EcoWorld
BLR/EW/02537/1,2158,Activated,Z Estates Pvt Ltd,Khursheed Alem Khan,RMZ EcoWorld
BLR/EW/02028/1,1855,Activated,Unbox Technologies Pvt Ltd,Raghu Ram,RMZ EcoWorld
BLR/EW/02489/1,2085,Activated,Sandeep Kumar Nadanalige,Antoinette Monisha,RMZ EcoWorld
BLR/EW/02743/1,2204,Activated,dDriven Data Sciences & Analytics Pvt. Ltd.,Rumpa Das,RMZ EcoWorld
BLR/EW/02404/1,1995,Activated,Positive Moves India Consulting Private Limited,Rumpa Das,RMZ EcoWorld
BLR/EW/02637/1,2147,Activated,Decurtis Software Solutions Pvt. Ltd.,Rumpa Das,RMZ EcoWorld
BLR/EW/02460/1,2117,Activated,Azure Knowledge Corporation Pvt. Ltd,Jithin Raj,RMZ EcoWorld
BLR/EW/02613/1,2216,Activated,Ushur Inc,Rumpa Das,RMZ EcoWorld
BLR/EW/02796/1,2248,Activated,K4 Bangalore Angel Network Pvt. Ltd.,Rumpa Das,RMZ EcoWorld
BLR/EW/01908/1,1915,Activated,True Caller International LLP,Smriti Gautam,RMZ EcoWorld
BLR/EW/02401/1,1973,Activated,AQR Capital India Services LLP,Rumpa Das,RMZ EcoWorld
BLR/EW/02539/1,2081,Activated,Viacom 18 Media Pvt. Ltd.,Rumpa Das,RMZ EcoWorld
BLR/EW/02298/1,1891,Activated,dDriven Data Sciences & Analytics Pvt. Ltd.,Rumpa Das,RMZ EcoWorld
BLR/EW/02411/1,1984,Activated,Vivek,Smriti Gautam,RMZ EcoWorld
BLR/EW/02234/1,1851,Activated,Ashish Sahu,Rumpa Das,RMZ EcoWorld
BLR/EW/02475/2,2027,Activated,Decurtis Software Solutions Pvt. Ltd.,Rumpa Das,RMZ EcoWorld
BLR/EW/02225/1,1830,Activated,Infratab Bangalore Pvt. Ltd.,Rumpa Das,RMZ EcoWorld
BLR/EW/02149/1,1881,Activated,Sixt R&D Pvt Ltd,Smriti Gautam,RMZ EcoWorld
BLR/EW/02322/1,1912,Activated,Rishi Chandra,Rumpa Das,RMZ EcoWorld
BLR/EW/02609/1,2130,Activated,Softomotive,Rumpa Das,RMZ EcoWorld
BLR/EW/02233/1,1860,Activated,JEBPO SERVICES LLP,Rumpa Das,RMZ EcoWorld
BLR/EW/02363/1,1932,Activated,FINACCEL PTE. LTD.,Rumpa Das,RMZ EcoWorld
BLR/EW/02650/1,2178,Activated,Vishesh Sethi,Antoinette Monisha,RMZ EcoWorld
BLR/EW/02391/1,1997,Activated,Infratab Bangalore Pvt. Ltd.,Rumpa Das,RMZ EcoWorld
BLR/EW/02392/1,2086,Activated,Alfanar Engineering Services India Private Limited,Rumpa Das,RMZ EcoWorld
BLR/EW/02530/1,2093,Activated,Sandeep Dhariwal,Pradheep Kumar,RMZ EcoWorld
BLR/EW/02523/1,2137,Activated,EULOGIA INFOTECH PRIVATE LIMITED,Khursheed Alem Khan,RMZ EcoWorld
BLR/EW/02756/1,2209,Activated,Arete Advisors LLP,Rumpa Das,RMZ EcoWorld
BLR/EW/02380/2,1936,Activated,AQR Capital India Services LLP,Rumpa Das,RMZ EcoWorld
BLR/EW/02154/1,2217,Activated,Ushur Inc,Rumpa Das,RMZ EcoWorld
BLR/EW/01883/1,1904,Activated,Uipath Robotic Process Automation India Private Limited,Smriti Gautam,RMZ EcoWorld
BLR/EW/02564/1,2159,Activated,ScaleneWorks People Solution LLP,Rumpa Das,RMZ EcoWorld
BLR/EW/02570/1,2183,Activated,Ameen Ahmed,Rumpa Das,RMZ EcoWorld
BLR/EW/02158/1,1840,Activated,JEBPO SERVICES LLP,Rumpa Das,RMZ EcoWorld
BLR/EW/02323/1,1913,Activated,Elevar,Rumpa Das,RMZ EcoWorld
BLR/EW/02244/1,1850,Activated,Blitzpath Innovations Private Limited,Rumpa Das,RMZ EcoWorld
BLR/EW/02693/1,2185,Activated,RR DONNELLEY INDIA OUTSOURCED PRIVATE LIMITED,Rumpa Das,RMZ EcoWorld
BLR/EW/02876/1,2341,Activated,AQR Capital India Services LLP,Rumpa Das,RMZ EcoWorld
BLR/EW/02798/1,2252,Activated,Dhatraditya Jonnavittula,Rumpa Das,RMZ EcoWorld
BLR/EW/02819/1,2271,Formal Notice Given,Pooja Maggu,Rumpa Das,RMZ EcoWorld
BLR/EW/02803/1,2316,Activated,Marcellus Infotech Pvt Ltd,Jithin Raj,RMZ EcoWorld
BLR/EW/03022/1,2420,Activated,Sai Shankar,Jithin Raj,RMZ EcoWorld
BLR/EW/02895/1,2351,Activated,Infratab Bangalore Pvt. Ltd.,Rumpa Das,RMZ EcoWorld
BLR/EW/02936/1,2392,Activated,HIL Infotech LLP,Jithin Raj,RMZ EcoWorld
BLR/EW/03072/1,2450,Activated,Alfanar Engineering Services India Private Limited,Rumpa Das,RMZ EcoWorld
BLR/EW/03015/1,2418,Activated,Intuition.ai India Private Limited,Rumpa Das,RMZ EcoWorld
BLR/EW/03033/1,2427,Activated,Bharti Airtel Ltd,Rumpa Das,RMZ EcoWorld
BLR/EW/03098/1,2483,Activated,AQR Capital India Services LLP,Rumpa Das,RMZ EcoWorld
BLR/EW/02930/1,2376,Activated,JEBPO SERVICES LLP,Rumpa Das,RMZ EcoWorld
BLR/EW/03032/2,2431,Activated,FINNABLE CREDIT PRIVATE LIMITED,Rumpa Das,RMZ EcoWorld
BLR/EW/03084/1,2456,Activated,Sixt R&D Pvt Ltd,Smriti Gautam,RMZ EcoWorld
BLR/EW/03118/1,2474,Activated,Ellicium Solutions Pvt. Ltd,Raksha Hegde,RMZ EcoWorld
BLR/EW/02931/1,2375,Activated,JEBPO SERVICES LLP,Rumpa Das,RMZ EcoWorld
BLR/EW/02959/1,2393,Activated,Alfanar Engineering Services India Private Limited,Rumpa Das,RMZ EcoWorld
BLR/EW/03061/1,2443,Activated,HIL Infotech LLP,Jithin Raj,RMZ EcoWorld
BLR/EW/01179/1,1093,Activated,Execu Pharm (India) Private Limited,Rumpa Das,RMZ EcoWorld
BLR/EW/00758/1,721,Month on Month,Manish Malik,Imaad Ahmed,RMZ EcoWorld
BLR/EW/01582/1,1568,Activated,Saggezza India Pvt. Ltd.,Rumpa Das,RMZ EcoWorld
BLR/EW/02000/1,1647,Activated,Decurtis Software Solutions Pvt. Ltd.,Rumpa Das,RMZ EcoWorld
BLR/EW/02099/1,1725,Activated,ETRUE VALUE.COM,Rumpa Das,RMZ EcoWorld
BLR/EW/02048/1,1695,Activated,Ashika Gupta,Rumpa Das,RMZ EcoWorld
BLR/EW/01963/1,1592,Activated,Basant Sahoo,Rumpa Das,RMZ EcoWorld
BLR/EW/02067/1,1712,Activated,itelligence India Software Solutions Private Limited,Rumpa Das,RMZ EcoWorld
BLR/EW/01306/1,1150,Activated,CIIE Advisors Private Limited,Raghu Ram,RMZ EcoWorld
BLR/EW/02144/2,1757,Activated,itelligence India Software Solutions Private Limited,Rumpa Das,RMZ EcoWorld
BLR/EW/01986/2,1625,Activated,Resurgent Business Pvt Ltd,Rumpa Das,RMZ EcoWorld
BLR/EW/01724/1,1705,Activated,JEBPO SERVICES LLP,Rumpa Das,RMZ EcoWorld
BLR/EW/02170/1,1781,Activated,JEBPO SERVICES LLP,Rumpa Das,RMZ EcoWorld
BLR/EW/01964/1,1669,Activated,DIGITALDOT CONSULTANCY INDIA PVT. LTD.,Rumpa Das,RMZ EcoWorld
BLR/EW/02018/1,1702,Activated,Viacom 18 Media Pvt. Ltd.,Rumpa Das,RMZ EcoWorld
BLR/EW/00481/1,1130,Activated,Sigfox,Rumpa Das,RMZ EcoWorld
BLR/EW/01996/3,1629,Activated,Bharti Airtel Ltd,Rumpa Das,RMZ EcoWorld
BLR/EW/01974/1,1602,Activated,dDriven Data Sciences & Analytics Pvt. Ltd.,Rumpa Das,RMZ EcoWorld
BLR/EW/01866/1,1598,Activated,Decurtis Software Solutions Pvt. Ltd.,Rumpa Das,RMZ EcoWorld
BLR/EW/01898/1,1549,Activated,JEBPO SERVICES LLP,Rumpa Das,RMZ EcoWorld
BLR/EW/02026/1,1651,Activated,QA InfoTech,Imaad Ahmed,RMZ EcoWorld
BLR/EW/01833/1,1554,Activated,Visteon Technical and Services Centre Pvt.Ltd,Imaad Ahmed,RMZ EcoWorld
BLR/EW/01859/1,1668,Activated,Kavvedh Solutions Pvt Ltd,Raksha Hegde,RMZ EcoWorld
BLR/EW/01995/1,1627,Activated,Gaurav Nagaich,Rumpa Das,RMZ EcoWorld
BLR/EW/02136/2,1767,Activated,Elevar,Rumpa Das,RMZ EcoWorld
BLR/EW/01822/1,1587,Activated,Keystride,Rumpa Das,RMZ EcoWorld
BLR/EW/01956/1,1591,Activated,Howard Simanoff,Rumpa Das,RMZ EcoWorld
BLR/EW/02172/1,1784,Activated,JEBPO SERVICES LLP,Rumpa Das,RMZ EcoWorld
BLR/EW/01331/1,1160,Activated,True Caller International LLP,Smriti Gautam,RMZ EcoWorld
BLR/EW/01778/1,1436,Activated,Hypershift Innovation Private Limited,Raghu Ram,RMZ EcoWorld
BLR/EW/01412/1,1131,Activated,The Boston Consulting Group (India) Private Ltd,Imaad Ahmed,RMZ EcoWorld
BLR/EW/01092/2,1234,Activated,Viacom 18 Media Pvt. Ltd.,Rumpa Das,RMZ EcoWorld
BLR/EW/01359/1,1246,Activated,OP Technologies Pvt. Ltd.,Rumpa Das,RMZ EcoWorld
BLR/EW/01731/1,1361,Activated,DIGITALDOT CONSULTANCY INDIA PVT. LTD.,Rumpa Das,RMZ EcoWorld
BLR/EW/01734/1,1364,Activated,Halliburton Technology Center,Imaad Ahmed,RMZ EcoWorld
BLR/EW/01781/1,1454,Activated,Tyconz FZE,Smriti Gautam,RMZ EcoWorld
BLR/EW/01839/1,1486,Activated,Varun Mehta,Rumpa Das,RMZ EcoWorld
BLR/EW/01681/1,1326,Activated,Basant Sahoo,Rumpa Das,RMZ EcoWorld
BLR/EW/01729/1,1414,Activated,Financial Advisory,Raghu Ram,RMZ EcoWorld
BLR/EW/01444/1,1343,Activated,ALTSHIFTCAP TECHNOLOGY AND DIGITAL SERVICES PRIVATE LIMITED,Smriti Gautam,RMZ EcoWorld
BLR/EW/01686/1,1327,Activated,Softomotive,Rumpa Das,RMZ EcoWorld
BLR/EW/01723/1,1363,Activated,Secugen India Pvt Ltd,Raghu Ram,RMZ EcoWorld
BLR/EW/01857/1,1498,Activated,JEBPO SERVICES LLP,Rumpa Das,RMZ EcoWorld
BLR/EW/01852/1,1499,Activated,FINNABLE CREDIT PRIVATE LIMITED,Rumpa Das,RMZ EcoWorld
BLR/EW/01419/1,1380,Activated,Leadstrategus,Rumpa Das,RMZ EcoWorld
BLR/EW/01614/1,1266,Activated,State Street Corporate Services Mumbai Private Limited,Imaad Ahmed,RMZ EcoWorld
BLR/EW/01465/1,1178,Activated,Halliburton Technology Center,Imaad Ahmed,RMZ EcoWorld
BLR/EW/01538/1,1184,Activated,Wissen,Rumpa Das,RMZ EcoWorld
BLR/EW/01522/1,1199,Activated,Qdesq,Manish Narendra,RMZ EcoWorld
BLR/EW/01576/1,1270,Activated,CaterNinja Internet Food LLP,Rumpa Das,RMZ EcoWorld
BLR/EW/01861/4,1502,Activated,SpicaWorks India Private Limited,Raksha Hegde,RMZ EcoWorld
BLR/EW/01710/1,1391,Activated,JEBPO SERVICES LLP,Rumpa Das,RMZ EcoWorld
BLR/EW/01615/1,1267,Activated,InfraHedge Services India Pvt Ltd,Smriti Gautam,RMZ EcoWorld
BLR/EW/01759/1,1394,Activated,Shopinbox Inc.,Rumpa Das,RMZ EcoWorld
BLR/EW/01786/1,1419,Activated,Bharti Airtel Ltd,Rumpa Das,RMZ EcoWorld
BLR/EW/01626/1,1288,Activated,Wissen,Rumpa Das,RMZ EcoWorld
BLR/EW/01301/1,1230,Activated,The Boston Consulting Group (India) Private Ltd,Imaad Ahmed,RMZ EcoWorld
BLR/EW/01487/1,1222,Activated,DIGITALDOT CONSULTANCY INDIA PVT. LTD.,Rumpa Das,RMZ EcoWorld
BLR/EW/01591/1,1345,Activated,Stockal,Raghu Ram,RMZ EcoWorld
BLR/EW/00914/1,828,Activated,Newtechways,Rumpa Das,RMZ EcoWorld
BLR/EW/00787/1,741,Activated,Keystride,Rumpa Das,RMZ EcoWorld
BLR/EW/00943/1,846,Activated,SASSIST IO INDIA PRIVATE LIMITED,Smriti Gautam,RMZ EcoWorld
BLR/EW/00793/1,824,Activated,Tripexploria,Rumpa Das,RMZ EcoWorld
BLR/EW/00870/1,836,Activated,True Caller International LLP,Smriti Gautam,RMZ EcoWorld
BLR/EW/00459/1,848,Activated,Wissen,Rumpa Das,RMZ EcoWorld
BLR/EW/00475/1,737,Month on Month,Wissen,Rumpa Das,RMZ EcoWorld
BLR/EW/00980/1,857,Activated,Shopinbox Inc.,Rumpa Das,RMZ EcoWorld
BLR/EW/01012/1,871,Activated,Wissen,Rumpa Das,RMZ EcoWorld
BLR/EW/01037/1,883,Activated,Wissen,Rumpa Das,RMZ EcoWorld
BLR/EW/00843/1,782,Formal Notice Given,Agile Cockpit Software services Pvt Ltd,Smriti Gautam,RMZ EcoWorld
BLR/EW/00834/1,797,Activated,Sanctorum Management LLP,Rumpa Das,RMZ EcoWorld
BLR/EW/00752/1,748,Activated,"Bloom, The Centre For Child Development",Rumpa Das,RMZ EcoWorld
BLR/EW/00999/1,864,Activated,Pranam Academy Private Limited,Rumpa Das,RMZ EcoWorld
BLR/EW/01263/1,989,Activated,Next Link Pvt Ltd,Raghu Ram,RMZ EcoWorld
BLR/EW/01336/6,1029,Activated,AcaEx,Rumpa Das,RMZ EcoWorld
BLR/EW/01327/1,1018,Activated,LinkDigi Spaces Private Limited,Smriti Gautam,RMZ EcoWorld
BLR/EW/01329/1,1021,Activated,LinkDigi Spaces Private Limited,Smriti Gautam,RMZ EcoWorld
BLR/EW/01334/1,1023,Activated,Smart Assist,Smriti Gautam,RMZ EcoWorld
BLR/EW/01293/2,1007,Activated,Wissen,Rumpa Das,RMZ EcoWorld
BLR/EW/00435/1,791,Activated,Lithium Technologies India R&D Pvt. Ltd,Rumpa Das,RMZ EcoWorld
BLR/EW/01091/1,902,Activated,DIGITALDOT CONSULTANCY INDIA PVT. LTD.,Rumpa Das,RMZ EcoWorld
BLR/EW/01140/1,916,Activated,Tyconz FZE,Smriti Gautam,RMZ EcoWorld
BLR/EW/01045/1,890,Activated,SASSIST IO INDIA PRIVATE LIMITED,Smriti Gautam,RMZ EcoWorld
BLR/EW/01098/1,938,Activated,The Boston Consulting Group (India) Private Ltd,Imaad Ahmed,RMZ EcoWorld
BLR/EW/01203/1,983,Activated,TechEmergence,Raghu Ram,RMZ EcoWorld
BLR/EW/01093/1,1069,Activated,State Street Corporate Services Mumbai Private Limited,Imaad Ahmed,RMZ EcoWorld
BLR/EW/01355/1,1039,Activated,Ayasdi India Private Limited,Rumpa Das,RMZ EcoWorld
BLR/EW/01038/1,1046,Activated,Wissen,Rumpa Das,RMZ EcoWorld
BLR/EW/01176/1,940,Activated,SASSIST IO INDIA PRIVATE LIMITED,Smriti Gautam,RMZ EcoWorld
BLR/EW/01161/1,925,Activated,ANSTOWIN TEST PRIVATE LIMITED,Raksha Hegde,RMZ EcoWorld
BLR/EW/01204/1,1078,Activated,Bharti Airtel Ltd,Rumpa Das,RMZ EcoWorld
BLR/EW/00919/1,898,Activated,Enstoa India Pvt. Ltd.,Rumpa Das,RMZ EcoWorld
BLR/EW/01199/1,952,Activated,OP Technologies Pvt. Ltd.,Rumpa Das,RMZ EcoWorld
BLR/EW/00686/1,701,Activated,AB Fortune Consultants,Rumpa Das,RMZ EcoWorld
BLR/EW/01375/1,1793,Activated,AQR Capital India Services LLP,Rumpa Das,RMZ EcoWorld
BLR/EW/00687/1,675,Activated,Aicumen Innovations Private Limited,Khursheed Alem Khan,RMZ EcoWorld
BLR/EW/00683/1,667,Month on Month,Santosh Sharan,Rumpa Das,RMZ EcoWorld
BLR/EW/01304/1,1510,Activated,Lagom Labs Pvt Ltd,Smriti Gautam,RMZ EcoWorld
BLR/EW/00569/1,676,Activated,Softomotive,Rumpa Das,RMZ EcoWorld
BLR/NT/02251/1,1862,Activated,Ladera technology Pvt Ltd,Raghu Ram,RMZ NXT - Whitefield
BLR/NT/02797/1,2308,Activated,Quanted Technologies Pvt Ltd,Khursheed Alem Khan,RMZ NXT - Whitefield
BLR/NT/01386/1,1096,Month on Month,Idea Particles,Auguste Pocuinaite,RMZ NXT - Whitefield
BLR/NT/01947/1,1582,Activated,Pratibimb,Raghu Ram,RMZ NXT - Whitefield
BLR/NT/01975/1,1648,Activated,Ladera technology Pvt Ltd,Raghu Ram,RMZ NXT - Whitefield
BLR/NT/01970/1,1787,Activated,Basilroot Technologies Pvt Ltd,Smriti Gautam,RMZ NXT - Whitefield
BLR/NT/02020/1,1642,Month on Month,Adesh Krishna,Rumpa Das,RMZ NXT - Whitefield
BLR/NT/01836/1,1482,Activated,Ladera technology Pvt Ltd,Raghu Ram,RMZ NXT - Whitefield
BLR/NT/01461/1,1101,Month on Month,Green Angel Consultancy,Raghu Ram,RMZ NXT - Whitefield
BLR/NT/01583/1,1484,Activated,Ladera technology Pvt Ltd,Raghu Ram,RMZ NXT - Whitefield
BLR/NT/01264/1,1049,Month on Month,PLL Enterprise Pvt Ltd,Raghu Ram,RMZ NXT - Whitefield
BLR/NT/01101/2,899,Month on Month,Bay Leaf Digital,Rumpa Das,RMZ NXT - Whitefield
CHN/OP/02699/1,2184,Activated,Cosmic Consultancy Services Pte Ltd,Antoinette Monisha,RMZ One Paramount
CHN/OP/02612/1,2131,Activated,Cooper-Standard Automotive India Private Limited,Antoinette Monisha,RMZ One Paramount
CHN/OP/02528/1,2092,Activated,Simptra Technologies Pvt Ltd,Antoinette Monisha,RMZ One Paramount
CHN/OP/02689/1,2180,Activated,Nexxuspay Services Pvt Ltd,Antoinette Monisha,RMZ One Paramount
CHN/OP/02730/1,2196,Activated,AD Vishnu Prasad,Antoinette Monisha,RMZ One Paramount
CHN/OP/01983/1,1809,Activated,Simptra Technologies Pvt Ltd,Antoinette Monisha,RMZ One Paramount
CHN/OP/02388/1,2019,Activated,Agentz.ai,Antoinette Monisha,RMZ One Paramount
CHN/OP/02563/2,2115,Activated,Nayamsoft India Private Limited,Jithin Raj,RMZ One Paramount
CHN/OP/02295/1,1911,Activated,Federal Mogul Goetze (India) Ltd,Antoinette Monisha,RMZ One Paramount
CHN/OP/02648/1,2177,Activated,Cooper-Standard Automotive India Private Limited,Antoinette Monisha,RMZ One Paramount
CHN/OP/02838/1,2312,Activated,Deep Value Technology Pvt Ltd,Antoinette Monisha,RMZ One Paramount
CHN/OP/02986/1,2411,Activated,Peel - Works,Antoinette Monisha,RMZ One Paramount
CHN/OP/02836/1,2377,Activated,Nayamsoft India Private Limited,Jithin Raj,RMZ One Paramount
CHN/OP/03136/1,2485,Activated,Nielsen (India) Private Limited,Antoinette Monisha,RMZ One Paramount
CHN/OP/03031/1,2430,Activated,Cosmic Consultancy Services Pte Ltd,Antoinette Monisha,RMZ One Paramount
CHN/OP/01909/1,1719,Activated,Deep Value Technology Pvt Ltd,Antoinette Monisha,RMZ One Paramount
CHN/OP/01950/1,1601,Activated,Ambian Strategy Pvt Ltd,Antoinette Monisha,RMZ One Paramount
CHN/OP/01879/1,1688,Activated,Nexxuspay Services Pvt Ltd,Antoinette Monisha,RMZ One Paramount
CHN/OP/01085/7,1545,Activated,JUSDA INDIA SUPPLY CHAIN MANAGEMENT PRIVATE LIMITED,Antoinette Monisha,RMZ One Paramount
CHN/OP/01711/1,1617,Activated,Haworth India Pvt Ltd,Smriti Gautam,RMZ One Paramount
CHN/OP/01752/2,1389,Month on Month,M/s Taashee Linux Services,Deepika Bisht,RMZ One Paramount
CHN/OP/01539/2,1250,Activated,Sankalpan Infrastructure Pvt. Ltd,Antoinette Monisha,RMZ One Paramount
